<?xml version="1.0" encoding="UTF-8"?>
<!DOCTYPE module PUBLIC
    "-//Puppy Crawl//DTD Check Configuration 1.3//EN"
     "http://www.puppycrawl.com/dtds/configuration_1_3.dtd">
<!--
 Copyright 2016 LinkedIn Corp. Licensed under the Apache License, Version 2.0 (the "License"); you may not use this
 file except in compliance with the License. You may obtain a copy of the License at

   http://www.apache.org/licenses/LICENSE-2.0

 Unless required by applicable law or agreed to in writing, software distributed under the License is distributed on
 an "AS IS" BASIS, WITHOUT WARRANTIES OR CONDITIONS OF ANY KIND, either express or implied.
-->
<module name="Checker">
  <property name="localeLanguage" value="en"/>

  <module name="FileTabCharacter"/>

  <!-- header -->
  <module name="RegexpHeader">
    <property name="header" value="/\*\*\nCopyright 2016 LinkedIn Corp. Licensed under the Apache License.*"/>
  </module>

  <module name="SuppressionFilter">
    <property name="file" value="${suppressionFile}"/>
  </module>

  <module name="TreeWalker">

    <!-- code cleanup -->
    <module name="UnusedImports"/>
    <module name="RedundantImport"/>
    <module name="IllegalImport" />
    <module name="EqualsHashCode"/>
    <module name="SimplifyBooleanExpression"/>
    <module name="OneStatementPerLine"/>
    <module name="UnnecessaryParentheses" />
    <module name="SimplifyBooleanReturn"/>

    <!-- style -->
    <module name="DefaultComesLast"/>
    <module name="EmptyStatement"/>
    <module name="ArrayTypeStyle"/>
    <module name="UpperEll"/>
    <module name="LeftCurly"/>
    <module name="RightCurly"/>
    <module name="EmptyStatement"/>
    <module name="ConstantName"/>
    <module name="LocalVariableName"/>
    <module name="LocalFinalVariableName"/>
    <module name="MemberName">
      <property name="format" value="^_[a-z][a-zA-Z0-9]*$"/>
      <property name="applyToPublic" value="false"/>
    </module>
    <module name="ClassTypeParameterName"/>
    <module name="MethodTypeParameterName"/>
    <module name="PackageName"/>
    <module name="ParameterName"/>
    <module name="StaticVariableName"/>
    <module name="TypeName"/>
    <module name="AvoidStarImport"/>

    <!-- whitespace -->
    <module name="GenericWhitespace"/>
    <module name="NoWhitespaceBefore"/>
    <module name="WhitespaceAfter" />
    <module name="NoWhitespaceAfter"/>
    <module name="WhitespaceAround">
      <property name="allowEmptyConstructors" value="true"/>
      <property name="allowEmptyMethods" value="true"/>
    </module>
    <module name="Indentation">
      <property name="basicOffset" value="2"/>
      <property name="braceAdjustment" value="0"/>
      <property name="caseIndent" value="2"/>
      <property name="throwsIndent" value="2"/>
      <property name="arrayInitIndent" value="2"/>
      <property name="lineWrappingIndentation" value="2"/>
    </module>
    <module name="MethodParamPad"/>
    <module name="ParenPad"/>
    <module name="TypecastParenPad"/>
  </module>
</module>
